id,viewer_id,name,age,gender,region,subscription_tier,signup_date
1,V0001,Zoey Brown,17,Non-binary,Phoenix,Basic,2023-04-03
2,V0002,Isabella White,22,Non-binary,Toronto,Free,2025-04-24
3,V0003,Jack Johnson,17,Male,Houston,Basic,2024-10-31
4,V0004,Lily Smith,51,Male,Toronto,VIP,2023-03-28
5,V0005,Grace Jackson,33,Male,Sydney,Basic,2024-05-15
6,V0006,Daniel Rodriguez,25,Male,Sydney,Premium,2022-07-29
7,V0007,Ethan Gonzalez,22,Female,Mumbai,Premium,2025-05-21
8,V0008,Harper Sanchez,18,Non-binary,San Diego,Free,2024-02-15
9,V0009,Ethan Moore,34,Non-binary,Austin,Premium,2025-03-28
10,V0010,Charlotte Thompson,20,Male,London,Basic,2023-08-16
11,V0011,Ethan Ramirez,30,Male,San Antonio,Premium,2024-07-17
12,V0012,Zoey Clark,39,Male,Philadelphia,Premium,2023-03-06
13,V0013,Nora Rodriguez,60,Non-binary,London,Free,2025-06-01
14,V0014,Zoey Garcia,50,Non-binary,Houston,Basic,2024-08-04
15,V0015,Ella Rodriguez,56,Non-binary,Dallas,Basic,2023-10-27
16,V0016,Julian Harris,19,Male,Mumbai,Free,2023-10-09
17,V0017,Sebastian Rodriguez,20,Male,Tokyo,Premium,2023-03-12
18,V0018,Caleb Thomas,41,Non-binary,San Diego,Basic,2023-06-27
19,V0019,Isabella Davis,63,Non-binary,Dallas,Premium,2025-04-12
20,V0020,Jack Lewis,53,Female,Philadelphia,Basic,2022-10-11
21,V0021,Victoria Thomas,21,Male,Mumbai,Free,2022-11-10
22,V0022,Zoey Garcia,66,Non-binary,San Antonio,Free,2024-02-28
23,V0023,Ella Martin,45,Non-binary,Phoenix,Free,2022-08-23
24,V0024,Dylan Lewis,50,Female,Sydney,Premium,2022-08-17
25,V0025,Evelyn Wilson,26,Female,New York,Premium,2024-10-22
26,V0026,Eleanor Garcia,48,Male,Mumbai,Premium,2024-11-05
27,V0027,Lily Miller,25,Female,Sydney,Basic,2025-01-09
28,V0028,Julian Robinson,49,Male,Austin,Premium,2024-09-27
29,V0029,Liam Brown,39,Female,Houston,Free,2023-05-09
30,V0030,Aria Williams,21,Non-binary,San Diego,Free,2024-12-26
31,V0031,Julian Jones,24,Non-binary,San Diego,Basic,2023-06-27
32,V0032,Ryan Ramirez,54,Female,Houston,Basic,2023-10-01
33,V0033,Sebastian Perez,57,Female,San Diego,VIP,2022-09-05
34,V0034,James Davis,20,Female,New York,Basic,2025-04-20
35,V0035,Amelia Smith,20,Non-binary,London,Free,2023-04-14
36,V0036,Ava Lewis,18,Female,Los Angeles,Basic,2023-07-25
37,V0037,Nora Thomas,29,Non-binary,Chicago,VIP,2023-05-13
38,V0038,Chloe Sanchez,42,Male,Los Angeles,Free,2024-06-01
39,V0039,Emily Wilson,42,Female,Mumbai,Free,2022-07-21
40,V0040,Noah Gonzalez,62,Female,Sydney,Free,2023-05-25
41,V0041,Charlotte Miller,50,Female,Chicago,VIP,2023-01-11
42,V0042,Benjamin Anderson,31,Male,San Diego,Free,2022-04-14
43,V0043,Caleb Moore,69,Male,Los Angeles,Basic,2022-12-07
44,V0044,Scarlett Thomas,46,Male,Mumbai,VIP,2022-05-01
45,V0045,Mia Gonzalez,16,Female,Phoenix,VIP,2023-08-08
46,V0046,Jack Thompson,62,Non-binary,London,VIP,2022-11-14
47,V0047,Charlotte Martinez,29,Male,Austin,Free,2023-10-05
48,V0048,Noah Johnson,53,Female,Dallas,Basic,2022-04-27
49,V0049,Victoria Williams,70,Male,Los Angeles,Free,2023-04-27
50,V0050,Sebastian Brown,72,Non-binary,Houston,Free,2022-06-17
51,V0051,Scarlett Perez,53,Non-binary,Dallas,Premium,2023-06-19
52,V0052,Aiden Perez,61,Female,Houston,Premium,2024-03-21
53,V0053,Isabella Perez,57,Female,San Diego,Premium,2022-05-29
54,V0054,Emma Anderson,55,Non-binary,Los Angeles,Free,2025-01-06
55,V0055,Aiden Taylor,32,Male,Tokyo,Premium,2022-05-21
56,V0056,James Lopez,34,Male,San Diego,Premium,2024-12-19
57,V0057,Emma Perez,68,Non-binary,Phoenix,Free,2022-10-03
58,V0058,Harper Brown,72,Male,Toronto,Basic,2023-07-12
59,V0059,Evelyn Martin,29,Non-binary,Philadelphia,Basic,2023-06-25
60,V0060,Victoria Thomas,32,Male,Los Angeles,VIP,2023-07-21
61,V0061,Olivia Smith,37,Male,London,Premium,2022-11-27
62,V0062,Gabriel Anderson,51,Non-binary,San Antonio,Free,2022-08-18
63,V0063,Ava Lewis,60,Male,Dallas,Free,2024-01-27
64,V0064,Leo Moore,25,Female,Chicago,Free,2023-09-24
65,V0065,Henry Lewis,66,Male,Tokyo,Premium,2023-03-07
66,V0066,Dylan Davis,58,Male,Philadelphia,VIP,2022-11-13
67,V0067,James Ramirez,26,Male,Tokyo,VIP,2022-02-20
68,V0068,Lucas White,37,Female,Sydney,Basic,2023-07-01
69,V0069,Mia Sanchez,60,Male,San Antonio,Free,2024-08-21
70,V0070,Amelia Miller,68,Female,Philadelphia,Premium,2023-04-12
71,V0071,Amelia Smith,58,Male,San Antonio,Premium,2023-07-25
72,V0072,Ava Harris,33,Female,London,VIP,2025-01-03
73,V0073,Daniel Smith,23,Female,Chicago,Premium,2022-03-20
74,V0074,Sophia Martin,43,Female,Toronto,Premium,2024-06-12
75,V0075,Lily Taylor,23,Female,Tokyo,Basic,2023-06-06
76,V0076,Olivia Thompson,43,Male,Dallas,Basic,2024-01-16
77,V0077,Jack Williams,58,Female,Austin,Premium,2022-09-13
78,V0078,Addison Lewis,35,Non-binary,Phoenix,VIP,2023-10-31
79,V0079,Sebastian Thompson,34,Non-binary,Chicago,Basic,2024-05-11
80,V0080,Nora Gonzalez,59,Non-binary,Tokyo,Basic,2025-03-11
81,V0081,Alexander Gonzalez,51,Male,Phoenix,Premium,2023-03-07
82,V0082,Jack Sanchez,53,Non-binary,London,Premium,2024-08-10
83,V0083,Grace Anderson,59,Male,Dallas,VIP,2022-12-14
84,V0084,Nora Williams,34,Non-binary,London,Premium,2022-07-11
85,V0085,Eleanor Davis,59,Female,Houston,Basic,2022-10-29
86,V0086,Liam Johnson,31,Female,Austin,Free,2024-07-21
87,V0087,Scarlett Lewis,56,Non-binary,Houston,VIP,2024-10-09
88,V0088,Sebastian Davis,25,Non-binary,Toronto,Free,2022-08-07
89,V0089,Julian Wilson,30,Male,Sydney,VIP,2022-04-13
90,V0090,Nathan Davis,70,Male,San Diego,Basic,2024-08-09
91,V0091,Nora Taylor,51,Non-binary,Philadelphia,VIP,2024-10-30
92,V0092,Jack Clark,51,Female,Tokyo,Basic,2024-08-30
93,V0093,Grace Rodriguez,64,Male,Mumbai,Premium,2024-12-03
94,V0094,Samuel Lee,31,Female,San Diego,Free,2023-08-09
95,V0095,James Rodriguez,37,Female,Tokyo,Free,2022-10-11
96,V0096,Logan Davis,40,Non-binary,Chicago,Basic,2022-05-12
97,V0097,Scarlett Wilson,37,Non-binary,San Diego,VIP,2022-05-08
98,V0098,Aiden Clark,42,Female,Tokyo,Free,2025-03-25
99,V0099,Ella Thomas,16,Female,Phoenix,VIP,2024-05-08
100,V0100,Riley White,63,Non-binary,Sydney,Basic,2024-09-26
101,V0101,Amelia Rodriguez,43,Female,New York,VIP,2023-11-20
102,V0102,Nora Perez,67,Female,Toronto,Basic,2024-08-15
103,V0103,Isabella Martin,50,Male,Tokyo,VIP,2025-04-27
104,V0104,Aria Perez,17,Male,London,VIP,2022-10-05
105,V0105,Owen Garcia,19,Female,San Antonio,Premium,2023-03-10
106,V0106,Owen Hernandez,37,Female,Phoenix,VIP,2023-06-01
107,V0107,Ethan Thomas,17,Non-binary,Dallas,Free,2023-12-18
108,V0108,Amelia Lee,20,Non-binary,New York,Free,2023-05-22
109,V0109,Charlotte Clark,17,Non-binary,Chicago,Basic,2022-09-16
110,V0110,Chloe Perez,23,Non-binary,Houston,VIP,2023-06-09
111,V0111,Julian Lopez,26,Non-binary,Austin,Free,2022-12-02
112,V0112,Alexander Brown,53,Male,Tokyo,Premium,2025-03-25
113,V0113,Dylan Robinson,40,Female,Toronto,Basic,2022-06-05
114,V0114,Leo Thompson,69,Non-binary,Houston,Free,2023-09-10
115,V0115,Dylan Martin,67,Male,Sydney,Free,2023-12-13
116,V0116,Riley Wilson,58,Female,Los Angeles,Premium,2022-01-26
117,V0117,Scarlett Clark,47,Male,San Antonio,Premium,2024-07-30
118,V0118,Luke Jones,43,Male,Toronto,Premium,2025-01-07
119,V0119,Julian Thomas,45,Female,Mumbai,Premium,2023-10-23
120,V0120,James Clark,21,Female,Tokyo,VIP,2023-05-15
121,V0121,Eleanor Anderson,52,Non-binary,London,VIP,2023-11-20
122,V0122,Liam Thomas,70,Female,Chicago,VIP,2023-03-11
123,V0123,Emily Sanchez,32,Female,Phoenix,Premium,2025-02-12
124,V0124,Emma Taylor,28,Male,Houston,VIP,2024-09-27
125,V0125,Nathan Harris,31,Non-binary,San Diego,VIP,2024-07-06
126,V0126,Liam Williams,34,Male,San Antonio,Basic,2023-09-20
127,V0127,Nora Jackson,39,Female,Dallas,Premium,2024-05-21
128,V0128,Gabriel Moore,37,Female,Toronto,VIP,2023-07-09
129,V0129,Alexander Rodriguez,30,Male,Toronto,Basic,2023-10-09
130,V0130,Mason White,50,Non-binary,Chicago,Basic,2023-03-20
131,V0131,Gabriel Thomas,33,Non-binary,Austin,Premium,2022-07-25
132,V0132,Charlotte Martinez,30,Female,Chicago,Premium,2022-01-29
133,V0133,Luke Moore,24,Female,New York,Free,2025-02-07
134,V0134,Evelyn Thompson,24,Non-binary,Mumbai,VIP,2022-07-30
135,V0135,Emma Jackson,34,Female,San Diego,VIP,2023-11-29
136,V0136,Lucas Johnson,32,Female,Los Angeles,Free,2024-03-31
137,V0137,Samuel Williams,52,Non-binary,London,Free,2022-11-07
138,V0138,Logan Sanchez,52,Female,Los Angeles,Basic,2022-08-31
139,V0139,Nathan Harris,42,Non-binary,Austin,Basic,2024-12-06
140,V0140,Ella Anderson,44,Female,Mumbai,VIP,2023-09-18
141,V0141,Aria Martin,19,Non-binary,Toronto,Free,2023-03-02
142,V0142,Zoey Miller,32,Non-binary,Los Angeles,Basic,2023-05-07
143,V0143,Lucas Moore,20,Male,New York,VIP,2024-07-11
144,V0144,Hannah Martin,46,Female,New York,Basic,2023-08-14
145,V0145,Luke Martinez,60,Female,Los Angeles,Basic,2023-06-26
146,V0146,Zoey Jackson,58,Male,San Antonio,Free,2025-01-20
147,V0147,Amelia Lee,25,Female,Mumbai,Basic,2022-05-27
148,V0148,Noah Garcia,66,Female,Austin,Premium,2024-06-18
149,V0149,Mason Anderson,60,Female,Toronto,VIP,2023-07-12
150,V0150,Victoria Moore,47,Female,Los Angeles,Free,2024-06-03
151,V0151,Gabriel Hernandez,54,Female,New York,Free,2023-04-14
152,V0152,Dylan Clark,71,Non-binary,Austin,Free,2023-07-06
153,V0153,Aria Johnson,64,Male,San Diego,VIP,2023-07-24
154,V0154,Lucas Jackson,43,Non-binary,Mumbai,VIP,2022-07-06
155,V0155,Chloe Lopez,42,Female,Philadelphia,Free,2022-11-26
156,V0156,Daniel Wilson,60,Female,Phoenix,VIP,2025-01-31
157,V0157,Olivia Anderson,21,Female,Phoenix,Premium,2022-08-26
158,V0158,Julian Gonzalez,71,Non-binary,Mumbai,Free,2025-01-16
159,V0159,Owen Wilson,19,Male,Dallas,Premium,2024-10-17
160,V0160,Zoey Anderson,64,Male,Houston,Premium,2025-01-29
161,V0161,Isabella Robinson,34,Female,Tokyo,VIP,2022-09-06
162,V0162,Liam Lee,54,Male,Toronto,Basic,2023-09-29
163,V0163,Nathan Smith,51,Female,Los Angeles,Basic,2022-08-21
164,V0164,Owen Brown,57,Male,San Diego,Premium,2024-11-08
165,V0165,Luke Rodriguez,42,Female,San Diego,Basic,2024-07-24
166,V0166,Nathan Jones,40,Male,Tokyo,Basic,2022-05-23
167,V0167,Benjamin Harris,66,Female,Philadelphia,Premium,2022-01-06
168,V0168,Evelyn White,35,Non-binary,Austin,VIP,2022-11-01
169,V0169,Grace Moore,46,Female,Philadelphia,VIP,2024-07-21
170,V0170,Abigail Ramirez,28,Non-binary,Houston,VIP,2023-04-24
171,V0171,Julian Wilson,18,Female,Toronto,VIP,2024-02-20
172,V0172,Ella Perez,66,Non-binary,Chicago,VIP,2022-03-17
173,V0173,Isabella Taylor,53,Female,Mumbai,Free,2024-06-20
174,V0174,Sophia Taylor,45,Male,Toronto,Basic,2024-04-19
175,V0175,Caleb Jones,20,Female,Sydney,Premium,2023-11-25
176,V0176,Isaac Thompson,41,Non-binary,Los Angeles,Premium,2024-12-28
177,V0177,Ella Hernandez,56,Non-binary,Tokyo,VIP,2025-01-13
178,V0178,Olivia Martin,20,Male,London,Premium,2023-04-11
179,V0179,Gabriel Williams,43,Male,Sydney,Free,2024-06-27
180,V0180,Mia Thompson,35,Male,New York,Premium,2022-04-25
181,V0181,Evelyn Lopez,39,Female,Chicago,Basic,2024-12-23
182,V0182,Scarlett Jackson,59,Male,Chicago,Basic,2022-06-11
183,V0183,Isaac Ramirez,40,Non-binary,London,Basic,2024-10-16
184,V0184,Leo Jones,30,Female,London,Premium,2024-07-30
185,V0185,Harper Perez,16,Female,Tokyo,Premium,2025-01-24
186,V0186,Mia Williams,44,Female,Austin,Premium,2024-05-18
187,V0187,Hannah Rodriguez,45,Female,Houston,VIP,2024-09-16
188,V0188,Sophia Davis,40,Non-binary,Philadelphia,Premium,2023-08-28
189,V0189,Liam Clark,58,Female,Phoenix,Free,2025-03-05
190,V0190,Dylan Harris,63,Male,Tokyo,VIP,2023-08-10
191,V0191,Julian Sanchez,30,Non-binary,Sydney,Premium,2023-03-25
192,V0192,Zoey Miller,55,Female,London,Basic,2022-07-18
193,V0193,Zoey Lee,18,Female,Sydney,VIP,2022-03-10
194,V0194,Leo Lopez,62,Male,Los Angeles,Premium,2023-11-01
195,V0195,Gabriel Wilson,27,Male,Chicago,Premium,2024-12-23
196,V0196,Victoria Robinson,33,Male,Phoenix,VIP,2023-08-28
197,V0197,Gabriel Ramirez,37,Male,San Diego,Free,2022-10-16
198,V0198,Eleanor Davis,71,Non-binary,Toronto,VIP,2025-02-15
199,V0199,Henry Williams,66,Female,New York,Premium,2025-01-03
200,V0200,Mason Anderson,39,Non-binary,Toronto,Premium,2025-04-12
201,V0201,Ella Clark,56,Female,Los Angeles,Basic,2024-08-23
202,V0202,Liam Martin,72,Non-binary,Philadelphia,Basic,2022-05-10
203,V0203,Zoey Clark,45,Non-binary,Phoenix,VIP,2022-08-27
204,V0204,Isabella Johnson,18,Female,San Diego,Free,2022-07-19
205,V0205,James Lewis,50,Male,San Antonio,VIP,2024-01-30
206,V0206,Nora White,60,Non-binary,San Antonio,Basic,2024-04-29
207,V0207,Caleb Brown,69,Female,Austin,VIP,2023-07-27
208,V0208,Olivia Thompson,39,Male,San Diego,VIP,2023-04-29
209,V0209,Henry Brown,59,Female,Dallas,Premium,2022-05-05
210,V0210,Sebastian Rodriguez,28,Male,Mumbai,VIP,2022-07-07
211,V0211,Nora Miller,57,Non-binary,Austin,Free,2022-04-14
212,V0212,Daniel Davis,24,Non-binary,Houston,Free,2025-02-09
213,V0213,Aiden Jackson,29,Male,Philadelphia,Basic,2025-05-05
214,V0214,Emma Rodriguez,70,Male,Chicago,Premium,2022-12-24
215,V0215,Mason Perez,71,Male,Chicago,Free,2024-01-04
216,V0216,James Jackson,36,Male,Chicago,Premium,2022-04-18
217,V0217,Isabella White,42,Non-binary,Los Angeles,Free,2024-09-02
218,V0218,Grace Harris,39,Non-binary,Austin,Free,2024-07-14
219,V0219,Victoria Davis,55,Male,Toronto,Premium,2024-07-27
220,V0220,Caleb Smith,19,Female,Mumbai,VIP,2024-05-23
