id,viewer_id,movie_id,watch_date,watch_duration_minutes,completed,device
1,V0176,1,2025-06-01,106,True,Desktop
2,V0019,1,2025-05-21,105,True,Mobile
3,V0033,1,2025-06-09,117,True,Gaming Console
4,V0183,1,2025-05-25,120,False,Gaming Console
5,V0076,1,2025-06-02,129,True,Mobile
6,V0204,1,2025-06-24,107,True,Gaming Console
7,V0185,1,2025-05-28,113,True,Tablet
8,V0106,1,2025-06-22,121,True,Desktop
9,V0187,1,2025-05-21,106,True,Smart TV
10,V0096,1,2025-06-13,109,False,Mobile
11,V0024,1,2025-05-06,105,True,Smart TV
12,V0208,1,2025-06-05,108,True,Gaming Console
13,V0144,1,2025-06-12,121,True,Smart TV
14,V0171,1,2025-06-25,127,False,Mobile
15,V0074,1,2025-05-20,138,True,Gaming Console
16,V0130,1,2025-05-10,113,True,Tablet
17,V0217,1,2025-05-23,106,True,Smart TV
18,V0030,1,2025-06-06,117,True,Desktop
19,V0217,1,2025-06-19,135,True,Gaming Console
20,V0173,1,2025-05-02,135,True,Smart TV
21,V0008,1,2025-05-18,111,True,Smart TV
22,V0087,1,2025-05-01,122,True,Tablet
23,V0145,1,2025-05-05,125,True,Mobile
24,V0024,1,2025-05-14,133,True,Desktop
25,V0088,1,2025-05-24,110,True,Smart TV
26,V0199,1,2025-06-08,136,True,Mobile
27,V0040,1,2025-06-18,110,True,Mobile
28,V0070,1,2025-06-12,128,True,Gaming Console
29,V0114,1,2025-05-18,126,True,Gaming Console
30,V0030,1,2025-05-28,122,True,Gaming Console
31,V0125,1,2025-06-12,133,True,Tablet
32,V0102,1,2025-05-04,138,True,Smart TV
33,V0055,1,2025-06-18,108,True,Smart TV
34,V0031,1,2025-06-01,100,True,Tablet
35,V0034,1,2025-06-04,124,True,Gaming Console
36,V0144,1,2025-05-05,122,True,Mobile
37,V0112,1,2025-05-30,101,False,Smart TV
38,V0148,1,2025-06-06,127,True,Desktop
39,V0075,1,2025-05-26,107,True,Smart TV
40,V0044,1,2025-06-23,129,True,Smart TV
41,V0023,1,2025-06-24,127,True,Desktop
42,V0151,1,2025-06-03,125,True,Smart TV
43,V0191,1,2025-05-15,121,True,Tablet
44,V0020,1,2025-06-10,132,True,Gaming Console
45,V0050,1,2025-05-23,122,True,Tablet
46,V0061,1,2025-05-10,106,True,Tablet
47,V0155,1,2025-06-18,109,True,Mobile
48,V0046,1,2025-05-30,131,True,Gaming Console
49,V0115,1,2025-06-11,136,True,Gaming Console
50,V0083,1,2025-05-10,120,True,Desktop
51,V0114,1,2025-06-20,119,True,Mobile
52,V0091,1,2025-05-05,132,True,Desktop
53,V0010,1,2025-05-24,103,True,Mobile
54,V0166,1,2025-06-09,105,True,Desktop
55,V0119,1,2025-06-05,137,False,Mobile
56,V0116,1,2025-06-11,136,True,Gaming Console
57,V0122,1,2025-05-10,132,False,Desktop
58,V0027,1,2025-06-15,121,True,Tablet
59,V0011,1,2025-06-15,115,True,Desktop
60,V0135,1,2025-06-09,133,True,Smart TV
61,V0073,1,2025-05-27,124,True,Gaming Console
62,V0014,1,2025-05-05,121,True,Gaming Console
63,V0174,1,2025-05-19,124,True,Gaming Console
64,V0039,1,2025-05-06,121,True,Tablet
65,V0090,1,2025-06-11,119,True,Desktop
66,V0034,1,2025-06-15,138,False,Smart TV
67,V0144,1,2025-06-11,124,True,Tablet
68,V0172,1,2025-05-06,133,True,Desktop
69,V0131,1,2025-05-02,123,True,Tablet
70,V0055,1,2025-06-30,121,True,Tablet
71,V0058,1,2025-05-10,108,True,Mobile
72,V0130,1,2025-06-23,134,True,Gaming Console
73,V0010,1,2025-06-26,121,True,Tablet
74,V0153,1,2025-05-10,124,True,Gaming Console
75,V0208,1,2025-06-16,110,True,Desktop
76,V0094,1,2025-05-29,115,True,Desktop
77,V0060,1,2025-05-16,134,True,Desktop
78,V0214,1,2025-05-24,112,True,Gaming Console
79,V0113,1,2025-06-19,129,True,Desktop
80,V0129,1,2025-05-27,133,False,Tablet
81,V0206,1,2025-05-09,138,False,Mobile
82,V0165,1,2025-06-25,130,True,Mobile
83,V0183,1,2025-06-24,133,True,Mobile
84,V0196,1,2025-05-18,110,True,Gaming Console
85,V0038,1,2025-05-06,127,False,Tablet
86,V0210,1,2025-06-26,128,True,Mobile
87,V0107,1,2025-05-26,103,True,Tablet
88,V0099,1,2025-05-24,105,True,Smart TV
89,V0026,1,2025-06-20,121,True,Mobile
90,V0074,1,2025-06-14,130,True,Desktop
91,V0115,1,2025-06-27,100,True,Smart TV
92,V0056,1,2025-06-05,109,False,Gaming Console
93,V0136,1,2025-05-08,127,True,Tablet
94,V0078,1,2025-05-04,107,True,Gaming Console
95,V0118,1,2025-05-08,104,True,Desktop
96,V0153,1,2025-05-02,134,True,Gaming Console
97,V0062,1,2025-05-19,109,True,Gaming Console
98,V0091,1,2025-06-06,115,True,Mobile
99,V0135,1,2025-05-05,123,False,Gaming Console
100,V0130,1,2025-06-05,132,True,Desktop
101,V0012,1,2025-05-24,124,True,Mobile
102,V0092,1,2025-05-23,104,True,Mobile
103,V0198,1,2025-06-17,137,True,Tablet
104,V0012,1,2025-06-04,122,True,Tablet
105,V0213,1,2025-06-14,129,True,Tablet
106,V0208,1,2025-05-05,108,True,Desktop
107,V0010,1,2025-05-13,118,True,Tablet
108,V0011,1,2025-06-29,120,True,Desktop
109,V0209,1,2025-05-31,134,True,Tablet
110,V0074,1,2025-06-25,122,True,Smart TV
111,V0070,1,2025-06-21,107,True,Desktop
112,V0191,1,2025-06-27,128,False,Smart TV
113,V0048,1,2025-06-14,131,True,Gaming Console
114,V0069,1,2025-06-16,105,True,Desktop
115,V0155,1,2025-06-04,111,True,Mobile
116,V0021,1,2025-06-12,120,True,Desktop
117,V0155,1,2025-05-11,127,True,Smart TV
118,V0115,1,2025-06-16,102,False,Smart TV
119,V0158,1,2025-05-18,127,True,Mobile
120,V0020,1,2025-05-24,125,True,Tablet
121,V0008,1,2025-06-24,109,True,Desktop
122,V0009,1,2025-05-05,108,True,Smart TV
123,V0093,1,2025-06-30,124,True,Gaming Console
124,V0040,1,2025-06-30,128,True,Desktop
125,V0196,1,2025-06-06,104,True,Smart TV
126,V0102,1,2025-06-11,120,True,Mobile
127,V0007,1,2025-06-01,111,True,Gaming Console
128,V0031,1,2025-06-19,116,True,Desktop
129,V0055,1,2025-06-14,118,False,Desktop
130,V0052,1,2025-05-09,107,False,Desktop
131,V0045,1,2025-05-06,128,True,Smart TV
132,V0171,1,2025-06-15,122,True,Gaming Console
133,V0075,1,2025-06-24,119,True,Tablet
134,V0204,1,2025-06-02,123,True,Tablet
135,V0203,1,2025-05-16,108,True,Mobile
136,V0093,1,2025-06-06,135,True,Gaming Console
137,V0034,1,2025-05-05,105,True,Desktop
138,V0135,1,2025-06-19,126,True,Gaming Console
139,V0019,1,2025-05-21,108,True,Desktop
140,V0120,1,2025-05-23,133,True,Gaming Console
141,V0164,1,2025-05-12,137,True,Tablet
142,V0111,1,2025-06-28,132,False,Mobile
143,V0133,1,2025-05-20,109,True,Smart TV
144,V0182,1,2025-05-23,114,False,Gaming Console
145,V0073,1,2025-05-17,105,True,Gaming Console
146,V0071,1,2025-06-10,108,True,Gaming Console
147,V0024,1,2025-06-11,132,True,Gaming Console
148,V0040,1,2025-06-12,110,True,Gaming Console
149,V0087,1,2025-05-03,136,True,Mobile
150,V0021,1,2025-06-30,102,True,Gaming Console
151,V0167,17,2025-03-02,115,True,Gaming Console
152,V0140,49,2024-11-05,136,True,Desktop
153,V0207,16,2024-10-31,61,False,Desktop
154,V0177,5,2025-03-26,155,True,Desktop
155,V0119,31,2024-05-27,126,True,Smart TV
156,V0082,46,2025-02-12,54,False,Tablet
157,V0095,49,2024-04-18,136,True,Smart TV
158,V0120,16,2025-04-05,108,True,Tablet
159,V0099,24,2024-09-11,63,False,Tablet
160,V0148,21,2024-06-12,34,False,Desktop
161,V0120,33,2024-11-11,88,True,Desktop
162,V0024,2,2025-04-13,74,False,Tablet
163,V0150,14,2024-02-21,130,True,Smart TV
164,V0153,32,2024-10-19,130,False,Gaming Console
165,V0217,1,2024-05-17,138,True,Smart TV
166,V0094,47,2024-02-16,56,False,Desktop
167,V0146,4,2025-01-06,118,True,Gaming Console
168,V0019,19,2025-04-06,128,True,Gaming Console
169,V0212,18,2024-05-11,25,False,Mobile
170,V0096,26,2025-01-09,53,False,Tablet
171,V0103,13,2024-02-16,95,True,Mobile
172,V0206,9,2025-04-12,98,True,Tablet
173,V0132,39,2024-11-22,116,True,Tablet
174,V0158,26,2024-12-10,48,False,Gaming Console
175,V0137,33,2024-11-02,88,True,Desktop
176,V0095,2,2024-04-22,125,True,Desktop
177,V0079,38,2024-01-28,102,False,Gaming Console
178,V0068,31,2024-08-21,110,False,Mobile
179,V0123,38,2025-01-24,128,True,Tablet
180,V0063,44,2024-04-22,118,True,Tablet
181,V0113,2,2024-06-04,125,True,Desktop
182,V0053,45,2025-04-27,124,True,Mobile
183,V0036,46,2024-11-28,110,True,Desktop
184,V0097,34,2024-06-26,138,True,Desktop
185,V0088,35,2024-09-27,96,True,Gaming Console
186,V0050,31,2024-11-01,45,False,Tablet
187,V0198,20,2024-07-31,135,True,Desktop
188,V0123,21,2024-10-07,115,True,Smart TV
189,V0147,8,2025-02-08,107,False,Smart TV
190,V0206,50,2024-02-13,104,True,Smart TV
191,V0021,46,2025-03-28,110,True,Smart TV
192,V0212,18,2024-10-05,95,True,Tablet
193,V0158,7,2024-09-05,71,False,Mobile
194,V0136,43,2024-08-26,92,True,Mobile
195,V0106,7,2025-04-28,148,True,Mobile
196,V0198,44,2024-06-10,118,True,Desktop
197,V0122,42,2024-07-23,134,True,Smart TV
198,V0074,21,2024-04-01,115,True,Gaming Console
199,V0137,15,2024-06-28,14,False,Desktop
200,V0010,12,2025-05-22,60,False,Tablet
201,V0075,48,2024-11-01,11,False,Gaming Console
202,V0028,39,2024-10-18,52,False,Desktop
203,V0140,42,2024-05-17,134,True,Gaming Console
204,V0070,30,2024-04-25,145,True,Smart TV
205,V0166,11,2024-07-09,92,True,Mobile
206,V0146,24,2024-06-28,34,False,Gaming Console
207,V0212,41,2024-12-01,96,True,Mobile
208,V0172,26,2024-05-23,140,True,Desktop
209,V0064,21,2025-01-27,115,True,Tablet
210,V0193,29,2024-12-03,132,True,Smart TV
211,V0186,38,2024-09-24,128,True,Smart TV
212,V0061,45,2024-05-01,124,True,Desktop
213,V0041,20,2025-05-29,135,True,Smart TV
214,V0031,45,2024-10-29,124,True,Smart TV
215,V0123,14,2025-01-17,130,True,Desktop
216,V0141,45,2024-08-11,106,False,Tablet
217,V0194,44,2024-03-24,118,True,Gaming Console
218,V0136,29,2024-04-24,19,False,Mobile
219,V0130,36,2024-06-02,112,True,Tablet
220,V0219,21,2024-04-29,115,True,Tablet
221,V0150,46,2025-06-06,110,True,Desktop
222,V0015,52,2025-06-09,86,True,Desktop
223,V0145,30,2025-04-18,145,True,Smart TV
224,V0006,47,2024-01-04,106,True,Tablet
225,V0019,38,2024-12-18,128,True,Mobile
226,V0016,35,2025-04-28,18,False,Mobile
227,V0105,19,2024-05-18,128,True,Desktop
228,V0098,24,2025-01-21,90,True,Desktop
229,V0175,6,2024-05-16,79,False,Smart TV
230,V0046,8,2025-06-25,110,False,Tablet
231,V0058,47,2024-11-01,12,False,Desktop
232,V0185,44,2025-06-28,118,True,Desktop
233,V0064,15,2024-06-07,122,True,Smart TV
234,V0186,13,2025-03-05,14,False,Gaming Console
235,V0005,50,2024-03-09,104,True,Mobile
236,V0009,39,2024-02-19,116,True,Tablet
237,V0060,34,2024-02-27,138,True,Tablet
238,V0075,33,2024-11-22,88,True,Gaming Console
239,V0198,39,2024-08-30,51,False,Smart TV
240,V0134,10,2024-11-03,105,True,Smart TV
241,V0143,4,2024-06-28,104,False,Desktop
242,V0127,36,2024-12-18,112,True,Desktop
243,V0135,51,2025-03-02,140,True,Desktop
244,V0194,17,2024-09-03,115,True,Tablet
245,V0220,20,2025-04-19,113,False,Mobile
246,V0106,36,2025-06-26,81,False,Tablet
247,V0063,25,2024-12-04,118,True,Mobile
248,V0217,29,2024-07-14,132,True,Mobile
249,V0097,18,2024-03-15,15,False,Tablet
250,V0195,52,2024-08-10,86,True,Desktop
251,V0086,14,2024-01-16,130,True,Tablet
252,V0031,13,2024-09-05,71,False,Gaming Console
253,V0053,46,2024-09-02,110,True,Gaming Console
254,V0199,21,2025-04-22,115,True,Gaming Console
255,V0092,42,2025-01-03,134,True,Gaming Console
256,V0120,32,2025-04-25,150,True,Smart TV
257,V0095,14,2024-02-16,130,True,Gaming Console
258,V0190,15,2024-09-24,122,True,Gaming Console
259,V0149,38,2024-06-05,47,False,Tablet
260,V0059,22,2024-09-08,102,True,Desktop
261,V0168,36,2024-09-20,53,False,Desktop
262,V0165,47,2024-06-21,68,False,Smart TV
263,V0126,42,2024-03-01,134,True,Gaming Console
264,V0215,3,2024-02-19,130,False,Mobile
265,V0036,27,2024-03-10,39,False,Tablet
266,V0056,1,2025-01-17,138,True,Mobile
267,V0158,40,2025-05-14,94,False,Mobile
268,V0137,1,2024-01-13,138,True,Mobile
269,V0185,34,2024-10-20,138,True,Mobile
270,V0209,33,2024-07-02,65,False,Mobile
271,V0135,7,2024-07-15,148,True,Gaming Console
272,V0065,34,2025-02-10,44,False,Mobile
273,V0104,24,2024-09-06,90,True,Tablet
274,V0176,20,2024-02-02,20,False,Mobile
275,V0098,26,2025-05-02,140,True,Mobile
276,V0022,16,2025-03-20,108,True,Smart TV
277,V0220,37,2025-06-24,124,False,Mobile
278,V0055,15,2025-05-01,98,False,Smart TV
279,V0020,3,2024-02-03,45,False,Tablet
280,V0005,21,2024-05-27,85,False,Desktop
281,V0077,5,2024-09-03,155,True,Gaming Console
282,V0174,25,2025-01-28,52,False,Tablet
283,V0177,51,2024-12-20,74,False,Mobile
284,V0112,7,2024-03-18,148,True,Smart TV
285,V0197,39,2025-02-10,116,True,Smart TV
286,V0163,2,2025-04-06,125,True,Desktop
287,V0092,15,2025-01-19,122,True,Desktop
288,V0170,12,2024-10-29,100,True,Tablet
289,V0019,46,2024-06-06,110,True,Desktop
290,V0201,46,2025-02-02,110,True,Smart TV
291,V0028,24,2024-11-11,90,True,Desktop
292,V0195,24,2024-05-15,90,True,Mobile
293,V0143,43,2024-04-15,92,True,Mobile
294,V0091,6,2024-11-28,112,True,Desktop
295,V0075,1,2024-03-27,138,True,Gaming Console
296,V0147,16,2025-01-24,108,True,Tablet
297,V0127,23,2024-06-20,120,True,Desktop
298,V0108,18,2024-03-19,95,True,Smart TV
299,V0064,17,2024-07-19,73,False,Desktop
300,V0035,7,2025-02-09,148,True,Smart TV
301,V0113,27,2024-05-19,100,True,Smart TV
302,V0155,21,2025-05-05,35,False,Smart TV
303,V0082,12,2025-05-17,100,True,Gaming Console
304,V0063,51,2024-10-14,140,True,Desktop
305,V0030,24,2024-07-03,35,False,Gaming Console
306,V0187,2,2024-08-02,125,True,Desktop
307,V0075,52,2025-02-22,18,False,Desktop
308,V0062,9,2024-06-06,98,True,Desktop
309,V0097,51,2025-05-05,140,True,Gaming Console
310,V0137,26,2025-03-04,140,True,Gaming Console
311,V0203,3,2024-03-28,99,False,Mobile
312,V0064,50,2024-06-19,55,False,Gaming Console
313,V0145,3,2025-02-13,96,False,Smart TV
314,V0111,51,2024-04-10,140,True,Smart TV
315,V0131,15,2024-08-14,81,False,Desktop
316,V0101,24,2025-05-27,90,True,Tablet
317,V0007,23,2024-10-29,120,True,Desktop
318,V0030,6,2024-12-22,28,False,Smart TV
319,V0117,22,2025-05-09,76,False,Smart TV
320,V0025,31,2025-04-08,126,True,Smart TV
321,V0077,5,2024-04-27,155,True,Mobile
322,V0166,22,2024-06-17,102,True,Tablet
323,V0045,34,2024-12-04,138,True,Gaming Console
324,V0119,28,2025-02-18,110,True,Tablet
325,V0111,12,2024-07-21,100,True,Desktop
326,V0110,38,2024-08-07,128,True,Tablet
327,V0193,18,2024-04-14,18,False,Gaming Console
328,V0118,18,2025-05-16,95,True,Gaming Console
329,V0157,30,2024-04-26,145,True,Smart TV
330,V0217,23,2024-06-25,120,True,Smart TV
331,V0173,40,2024-04-30,108,True,Tablet
332,V0030,20,2024-05-24,135,True,Gaming Console
333,V0108,25,2025-01-27,118,True,Desktop
334,V0178,42,2024-06-19,32,False,Desktop
335,V0036,19,2025-04-06,128,True,Gaming Console
336,V0092,4,2024-05-19,72,False,Tablet
337,V0144,25,2025-05-21,118,True,Desktop
338,V0126,44,2025-03-30,118,True,Desktop
339,V0204,2,2024-02-03,47,False,Smart TV
340,V0138,15,2025-04-13,122,True,Gaming Console
341,V0127,48,2024-04-25,94,True,Gaming Console
342,V0069,8,2024-02-12,103,False,Desktop
343,V0056,35,2024-09-10,23,False,Smart TV
344,V0116,3,2024-03-30,142,True,Desktop
345,V0199,8,2024-12-25,63,False,Gaming Console
346,V0036,47,2024-03-01,36,False,Gaming Console
347,V0137,23,2024-06-21,120,True,Smart TV
348,V0075,46,2024-09-30,110,True,Gaming Console
349,V0209,44,2025-02-25,118,True,Mobile
350,V0168,18,2024-05-15,95,True,Tablet
351,V0213,10,2025-02-06,105,True,Desktop
352,V0069,10,2025-01-19,105,True,Desktop
353,V0163,5,2025-02-16,33,False,Gaming Console
354,V0117,29,2024-01-03,51,False,Mobile
355,V0118,47,2025-01-01,106,True,Mobile
356,V0137,51,2025-03-15,140,True,Tablet
357,V0069,32,2024-10-17,150,True,Smart TV
358,V0148,36,2025-05-11,112,True,Smart TV
359,V0196,44,2024-04-11,118,True,Desktop
360,V0032,2,2025-03-27,30,False,Desktop
361,V0110,1,2024-05-15,138,True,Smart TV
362,V0071,11,2025-01-04,92,True,Smart TV
363,V0096,6,2024-06-18,93,False,Mobile
364,V0161,26,2024-08-27,140,True,Desktop
365,V0024,42,2024-08-06,10,False,Desktop
366,V0034,5,2025-06-15,155,True,Desktop
367,V0003,1,2024-05-03,114,False,Desktop
368,V0034,45,2024-08-22,124,True,Desktop
369,V0188,6,2024-11-16,23,False,Smart TV
370,V0036,20,2024-05-16,135,True,Tablet
371,V0136,5,2024-06-17,155,True,Desktop
372,V0185,23,2024-06-04,120,True,Desktop
373,V0056,40,2024-04-12,108,True,Tablet
374,V0032,49,2025-01-28,136,True,Smart TV
375,V0081,28,2024-10-10,41,False,Mobile
376,V0142,16,2024-10-18,108,True,Mobile
377,V0078,43,2025-06-05,92,True,Tablet
378,V0014,50,2025-05-21,40,False,Desktop
379,V0062,8,2024-03-13,160,True,Gaming Console
380,V0093,1,2025-01-31,26,False,Gaming Console
381,V0094,27,2024-06-25,100,True,Desktop
382,V0019,50,2024-03-10,104,True,Mobile
383,V0056,17,2024-03-02,115,True,Desktop
384,V0074,33,2025-05-28,88,True,Desktop
385,V0180,28,2024-06-05,110,True,Smart TV
386,V0080,6,2024-07-27,112,True,Tablet
387,V0084,35,2024-03-08,96,True,Smart TV
388,V0112,45,2024-02-29,40,False,Tablet
389,V0112,6,2024-02-26,112,True,Smart TV
390,V0190,43,2024-05-02,32,False,Mobile
391,V0036,46,2025-05-23,30,False,Smart TV
392,V0133,34,2024-09-22,102,False,Tablet
393,V0033,24,2024-04-30,44,False,Mobile
394,V0207,22,2025-06-20,102,True,Mobile
395,V0183,17,2024-03-19,90,False,Desktop
396,V0131,30,2025-05-26,145,True,Gaming Console
397,V0198,22,2024-04-28,102,True,Tablet
398,V0012,48,2024-09-07,11,False,Mobile
399,V0094,31,2024-06-02,126,True,Tablet
400,V0142,3,2025-03-05,101,False,Tablet
401,V0064,21,2024-11-23,115,True,Smart TV
402,V0147,5,2025-05-29,155,True,Mobile
403,V0012,39,2025-04-21,18,False,Smart TV
404,V0217,50,2024-03-29,104,True,Gaming Console
405,V0003,30,2024-10-25,145,True,Gaming Console
406,V0078,51,2025-04-20,41,False,Smart TV
407,V0127,38,2024-07-19,109,False,Gaming Console
408,V0204,49,2024-01-07,136,True,Desktop
409,V0060,2,2024-01-10,125,True,Smart TV
410,V0195,1,2024-11-10,118,False,Mobile
411,V0136,14,2025-05-18,63,False,Mobile
412,V0024,10,2024-08-25,105,True,Gaming Console
413,V0180,27,2024-03-27,68,False,Gaming Console
414,V0130,7,2025-02-07,148,True,Mobile
415,V0146,38,2024-05-13,128,True,Tablet
416,V0067,19,2025-02-06,112,False,Smart TV
417,V0116,21,2024-03-17,115,True,Tablet
418,V0150,9,2024-04-18,98,True,Tablet
419,V0120,29,2024-05-03,132,True,Gaming Console
420,V0198,23,2024-11-11,120,True,Desktop
421,V0219,17,2024-06-10,115,True,Smart TV
422,V0179,46,2024-08-08,110,True,Smart TV
423,V0092,21,2024-02-20,115,True,Smart TV
424,V0210,17,2025-02-18,13,False,Desktop
425,V0192,36,2024-04-06,112,True,Desktop
426,V0206,7,2024-01-13,41,False,Mobile
427,V0057,50,2025-02-14,104,True,Smart TV
428,V0162,44,2024-09-22,20,False,Mobile
429,V0017,2,2025-03-30,125,True,Tablet
430,V0217,6,2024-05-05,52,False,Mobile
431,V0013,30,2025-03-19,145,True,Desktop
432,V0008,32,2025-03-12,150,True,Tablet
433,V0055,23,2024-10-13,45,False,Desktop
434,V0158,47,2024-10-29,106,True,Desktop
435,V0141,27,2024-03-30,100,True,Smart TV
436,V0036,25,2025-06-22,118,True,Tablet
437,V0140,41,2025-01-02,58,False,Desktop
438,V0201,35,2025-05-29,96,True,Smart TV
439,V0070,25,2024-11-22,118,True,Gaming Console
440,V0008,15,2024-10-14,109,False,Mobile
441,V0121,52,2024-08-26,86,True,Tablet
442,V0064,7,2025-06-30,78,False,Mobile
443,V0057,49,2025-02-01,136,True,Smart TV
444,V0082,45,2025-01-02,99,False,Gaming Console
445,V0181,2,2024-05-25,82,False,Gaming Console
446,V0208,13,2024-11-12,73,False,Tablet
447,V0010,32,2024-08-26,150,True,Gaming Console
448,V0006,15,2024-01-01,122,True,Smart TV
449,V0088,14,2024-11-27,112,False,Mobile
450,V0038,2,2024-05-25,125,True,Mobile
451,V0094,34,2025-02-09,57,False,Gaming Console
452,V0087,7,2024-05-19,148,True,Tablet
453,V0112,47,2024-11-20,72,False,Tablet
454,V0144,46,2024-12-31,88,False,Tablet
455,V0151,43,2024-11-10,58,False,Smart TV
456,V0180,1,2024-02-03,60,False,Tablet
457,V0082,39,2024-08-14,88,False,Gaming Console
458,V0128,7,2024-03-20,148,True,Tablet
459,V0082,23,2024-03-31,120,True,Smart TV
460,V0003,29,2024-09-12,132,True,Mobile
461,V0066,23,2024-01-02,102,False,Mobile
462,V0113,25,2025-02-27,31,False,Desktop
463,V0090,25,2024-04-13,118,True,Desktop
464,V0148,51,2024-08-18,97,False,Tablet
465,V0019,29,2024-10-28,14,False,Mobile
466,V0067,21,2024-12-16,19,False,Tablet
467,V0042,25,2024-04-05,80,False,Smart TV
468,V0158,39,2024-02-01,100,False,Desktop
469,V0043,42,2025-03-20,134,True,Tablet
470,V0026,4,2024-07-13,118,True,Desktop
471,V0142,45,2024-09-28,103,False,Smart TV
472,V0061,20,2025-02-06,135,True,Gaming Console
473,V0216,36,2024-02-25,112,True,Smart TV
474,V0110,1,2025-05-06,138,True,Tablet
475,V0007,7,2024-10-25,148,True,Mobile
476,V0217,31,2025-02-11,126,True,Desktop
477,V0170,32,2025-01-31,150,True,Tablet
478,V0098,24,2025-04-01,90,True,Mobile
479,V0113,17,2024-08-19,115,True,Smart TV
480,V0016,37,2024-04-09,144,True,Mobile
481,V0089,43,2024-08-20,62,False,Gaming Console
482,V0216,4,2025-06-19,118,True,Desktop
483,V0176,35,2024-08-29,70,False,Desktop
484,V0021,20,2024-02-05,135,True,Gaming Console
485,V0133,37,2024-05-30,96,False,Mobile
486,V0115,49,2024-06-20,136,True,Tablet
487,V0050,52,2025-03-09,86,True,Mobile
488,V0112,44,2024-05-31,118,True,Gaming Console
489,V0082,17,2024-03-30,18,False,Desktop
490,V0102,36,2024-10-09,112,True,Gaming Console
491,V0004,30,2025-06-19,89,False,Desktop
492,V0107,8,2024-04-12,160,True,Mobile
493,V0200,37,2024-10-19,144,True,Gaming Console
494,V0106,23,2025-05-12,120,True,Gaming Console
495,V0122,39,2024-10-09,116,True,Desktop
496,V0175,10,2025-02-09,14,False,Smart TV
497,V0061,45,2025-05-01,124,True,Smart TV
498,V0006,24,2024-11-06,90,True,Smart TV
499,V0216,18,2024-04-10,95,True,Tablet
500,V0199,34,2025-03-02,44,False,Gaming Console
501,V0023,42,2024-08-04,134,True,Desktop
502,V0096,39,2024-06-11,75,False,Mobile
503,V0182,20,2024-05-18,135,True,Gaming Console
504,V0008,37,2024-07-24,144,True,Mobile
505,V0009,16,2025-01-04,108,True,Tablet
506,V0095,18,2025-02-10,74,False,Mobile
507,V0008,44,2025-05-15,118,True,Gaming Console
508,V0046,29,2024-12-24,70,False,Smart TV
509,V0067,11,2024-10-18,21,False,Mobile
510,V0013,25,2024-08-07,118,True,Tablet
511,V0058,42,2025-02-23,44,False,Gaming Console
512,V0200,2,2024-01-10,97,False,Desktop
513,V0154,9,2024-09-15,38,False,Gaming Console
514,V0079,52,2025-03-09,45,False,Desktop
515,V0118,23,2025-04-22,120,True,Smart TV
516,V0134,44,2024-04-14,60,False,Mobile
517,V0170,33,2024-10-16,57,False,Smart TV
518,V0028,44,2024-12-10,118,True,Smart TV
519,V0067,23,2024-11-01,93,False,Tablet
520,V0062,10,2025-02-17,86,False,Smart TV
521,V0036,44,2025-05-24,93,False,Smart TV
522,V0108,17,2024-02-06,115,True,Gaming Console
523,V0147,46,2024-08-15,53,False,Gaming Console
524,V0172,41,2024-11-03,96,True,Tablet
525,V0143,43,2024-04-09,92,True,Desktop
526,V0186,9,2024-12-09,33,False,Mobile
527,V0091,15,2024-11-10,122,True,Desktop
528,V0085,51,2024-10-28,140,True,Desktop
529,V0121,8,2024-03-13,160,True,Desktop
530,V0175,13,2024-11-01,95,True,Desktop
531,V0219,4,2024-07-24,118,True,Smart TV
532,V0146,27,2024-05-26,68,False,Smart TV
533,V0047,46,2024-12-06,72,False,Tablet
534,V0163,21,2025-04-07,115,True,Smart TV
535,V0195,14,2024-06-11,83,False,Desktop
536,V0196,51,2025-03-20,26,False,Desktop
537,V0110,26,2024-01-05,59,False,Mobile
538,V0052,35,2024-11-25,11,False,Gaming Console
539,V0161,1,2024-12-18,38,False,Smart TV
540,V0151,38,2024-03-07,128,True,Mobile
541,V0075,20,2025-06-16,135,True,Gaming Console
542,V0087,34,2024-05-17,138,True,Smart TV
543,V0092,32,2025-02-17,52,False,Mobile
544,V0058,15,2024-08-04,26,False,Mobile
545,V0130,38,2025-01-10,128,True,Mobile
546,V0164,25,2024-02-19,118,True,Gaming Console
547,V0170,4,2024-01-21,118,True,Mobile
548,V0030,45,2025-01-24,124,True,Mobile
549,V0065,36,2024-06-05,112,True,Tablet
550,V0176,45,2024-11-04,124,True,Desktop
551,V0026,43,2024-05-20,44,False,Desktop
552,V0131,7,2024-10-16,40,False,Mobile
553,V0028,51,2024-07-23,140,True,Smart TV
554,V0052,34,2025-02-23,138,True,Smart TV
555,V0054,37,2024-12-04,71,False,Tablet
556,V0004,1,2024-04-23,126,False,Gaming Console
557,V0127,43,2024-04-02,92,True,Gaming Console
558,V0186,5,2024-08-24,75,False,Desktop
559,V0068,19,2024-04-12,128,True,Tablet
560,V0219,3,2024-11-16,142,True,Desktop
561,V0003,3,2024-06-23,94,False,Smart TV
562,V0113,23,2024-04-05,44,False,Smart TV
563,V0047,22,2025-02-13,102,True,Desktop
564,V0214,18,2025-05-04,95,True,Desktop
565,V0205,42,2024-05-15,134,True,Mobile
566,V0124,45,2025-03-24,96,False,Tablet
567,V0157,28,2024-05-13,110,True,Desktop
568,V0029,32,2024-02-17,122,False,Mobile
569,V0168,17,2025-06-21,115,True,Gaming Console
570,V0145,47,2024-12-12,106,True,Gaming Console
571,V0177,34,2025-03-19,22,False,Tablet
572,V0089,31,2025-01-29,92,False,Tablet
573,V0157,36,2024-06-09,112,True,Gaming Console
574,V0219,31,2024-06-18,126,True,Mobile
575,V0126,49,2024-12-04,136,True,Smart TV
576,V0130,4,2025-01-22,118,True,Desktop
577,V0021,16,2025-04-03,108,True,Mobile
578,V0115,32,2025-05-24,150,True,Mobile
579,V0104,7,2024-01-01,148,True,Mobile
580,V0155,51,2024-11-07,91,False,Gaming Console
581,V0053,36,2024-12-15,68,False,Smart TV
582,V0210,4,2025-04-10,118,True,Smart TV
583,V0197,36,2025-04-29,112,True,Smart TV
584,V0116,46,2024-08-15,110,True,Mobile
585,V0091,22,2025-06-18,47,False,Smart TV
586,V0028,45,2024-06-17,124,True,Desktop
587,V0191,9,2024-09-17,23,False,Gaming Console
588,V0056,31,2024-07-14,126,True,Smart TV
589,V0194,7,2024-05-06,148,True,Desktop
590,V0169,30,2025-05-31,145,True,Tablet
591,V0002,32,2024-02-19,150,True,Gaming Console
592,V0215,28,2025-06-04,110,True,Tablet
593,V0149,45,2024-05-11,124,True,Mobile
594,V0169,25,2024-11-25,118,True,Gaming Console
595,V0108,25,2024-09-11,98,False,Smart TV
596,V0088,26,2024-05-16,67,False,Tablet
597,V0155,27,2024-11-02,75,False,Gaming Console
598,V0183,21,2024-08-10,80,False,Tablet
599,V0160,14,2024-12-19,97,False,Tablet
600,V0167,46,2025-05-30,32,False,Gaming Console
601,V0164,45,2024-04-28,124,True,Smart TV
602,V0123,36,2025-03-03,112,True,Gaming Console
603,V0217,19,2024-01-14,128,True,Gaming Console
604,V0007,7,2024-02-24,148,True,Mobile
605,V0074,16,2024-03-04,28,False,Smart TV
606,V0193,14,2025-01-02,130,True,Desktop
607,V0158,7,2025-02-02,67,False,Tablet
608,V0201,33,2024-02-18,46,False,Desktop
609,V0107,25,2024-11-16,97,False,Gaming Console
610,V0004,4,2025-03-29,35,False,Tablet
611,V0166,41,2024-07-20,96,True,Tablet
612,V0115,19,2024-03-17,128,True,Tablet
613,V0031,12,2025-03-14,100,True,Smart TV
614,V0068,36,2024-09-18,112,True,Mobile
615,V0120,22,2024-02-10,29,False,Tablet
616,V0153,21,2024-11-04,115,True,Desktop
617,V0147,51,2024-03-15,140,True,Smart TV
618,V0057,34,2024-03-10,76,False,Gaming Console
619,V0104,42,2024-08-14,134,True,Tablet
620,V0085,43,2024-10-27,92,True,Tablet
621,V0159,49,2024-01-10,136,True,Mobile
622,V0089,43,2024-09-06,92,True,Mobile
623,V0083,44,2024-04-26,118,True,Desktop
624,V0139,17,2025-06-13,13,False,Smart TV
625,V0206,33,2025-05-13,88,True,Mobile
626,V0167,19,2025-06-10,128,True,Mobile
627,V0043,7,2024-03-08,11,False,Tablet
628,V0162,43,2024-04-16,64,False,Tablet
629,V0213,35,2024-03-14,65,False,Tablet
630,V0118,2,2024-03-30,14,False,Mobile
631,V0046,4,2024-03-13,81,False,Gaming Console
632,V0067,15,2025-04-06,122,True,Desktop
633,V0081,28,2024-05-01,110,True,Gaming Console
634,V0165,1,2024-02-16,18,False,Mobile
635,V0129,23,2024-11-04,120,True,Gaming Console
636,V0073,6,2025-01-25,66,False,Desktop
637,V0008,43,2025-06-30,92,True,Tablet
638,V0204,9,2024-10-29,79,False,Tablet
639,V0174,20,2025-01-17,111,False,Mobile
640,V0143,36,2024-02-12,112,True,Mobile
641,V0153,37,2024-03-28,144,True,Smart TV
642,V0192,14,2024-12-18,102,False,Tablet
643,V0166,27,2024-06-13,28,False,Tablet
644,V0158,15,2024-04-27,34,False,Tablet
645,V0205,43,2024-02-25,92,True,Gaming Console
646,V0166,30,2024-10-24,145,True,Mobile
647,V0026,17,2025-05-13,115,True,Smart TV
648,V0033,23,2024-04-12,40,False,Smart TV
649,V0082,18,2024-12-02,95,True,Gaming Console
650,V0079,43,2025-01-08,29,False,Smart TV
651,V0044,28,2024-09-09,110,True,Tablet
652,V0190,46,2024-10-10,110,True,Smart TV
653,V0085,9,2025-04-01,69,False,Smart TV
654,V0079,50,2024-04-21,104,True,Tablet
655,V0156,42,2024-10-14,134,True,Tablet
656,V0051,35,2024-03-19,96,True,Mobile
657,V0218,2,2024-02-01,125,True,Gaming Console
658,V0104,38,2024-02-07,37,False,Gaming Console
659,V0140,17,2025-04-28,79,False,Tablet
660,V0101,24,2024-10-24,90,True,Tablet
661,V0129,30,2025-02-10,145,True,Smart TV
662,V0003,33,2025-06-10,31,False,Tablet
663,V0041,29,2024-05-29,132,True,Desktop
664,V0011,23,2025-05-14,120,True,Tablet
665,V0068,5,2024-02-13,155,True,Tablet
666,V0203,34,2025-04-25,138,True,Desktop
667,V0011,3,2024-04-15,51,False,Gaming Console
668,V0214,41,2024-06-27,84,False,Desktop
669,V0097,42,2024-03-20,134,True,Gaming Console
670,V0097,17,2025-06-12,38,False,Desktop
671,V0210,23,2025-05-08,72,False,Gaming Console
672,V0129,1,2024-06-18,66,False,Tablet
673,V0132,5,2024-08-04,155,True,Tablet
674,V0184,46,2024-08-23,94,False,Desktop
675,V0085,52,2025-05-05,71,False,Desktop
676,V0152,14,2025-02-24,130,True,Mobile
677,V0012,16,2024-06-13,108,True,Tablet
678,V0147,41,2024-06-19,96,True,Smart TV
679,V0104,12,2024-01-20,100,True,Smart TV
680,V0056,6,2025-04-27,112,True,Desktop
681,V0154,32,2024-07-05,150,True,Gaming Console
682,V0131,43,2024-12-16,92,True,Desktop
683,V0152,39,2025-01-22,116,True,Desktop
684,V0134,18,2025-03-05,74,False,Tablet
685,V0025,39,2024-02-09,116,True,Gaming Console
686,V0193,33,2025-05-08,88,True,Tablet
687,V0139,39,2025-03-17,96,False,Gaming Console
688,V0095,27,2025-03-15,77,False,Tablet
689,V0124,52,2024-12-24,58,False,Gaming Console
690,V0190,52,2025-03-11,22,False,Tablet
691,V0123,17,2024-10-17,20,False,Gaming Console
692,V0105,35,2024-01-06,96,True,Mobile
693,V0134,37,2024-01-08,144,True,Desktop
694,V0053,42,2025-02-22,50,False,Smart TV
695,V0040,7,2024-09-16,148,True,Smart TV
696,V0109,35,2024-10-09,96,True,Desktop
697,V0053,49,2025-05-09,136,True,Tablet
698,V0144,24,2024-09-16,90,True,Smart TV
699,V0089,37,2024-05-21,60,False,Mobile
700,V0026,16,2025-02-14,108,True,Smart TV
701,V0141,52,2024-02-23,86,True,Tablet
702,V0163,25,2024-04-03,118,True,Tablet
703,V0154,31,2024-03-06,126,True,Smart TV
704,V0095,15,2024-02-08,122,True,Desktop
705,V0158,26,2024-02-28,46,False,Tablet
706,V0052,1,2025-06-14,112,False,Smart TV
707,V0131,46,2024-08-25,110,True,Gaming Console
708,V0093,11,2024-01-01,92,True,Tablet
709,V0071,6,2025-02-08,55,False,Desktop
710,V0052,38,2024-03-11,128,True,Mobile
711,V0073,36,2024-12-22,81,False,Smart TV
712,V0058,18,2024-07-18,95,True,Desktop
713,V0148,26,2024-06-28,140,True,Desktop
714,V0028,33,2025-05-30,88,True,Smart TV
715,V0030,22,2024-09-13,42,False,Desktop
716,V0145,25,2024-09-06,118,True,Smart TV
717,V0118,50,2024-01-29,85,False,Desktop
718,V0067,8,2024-08-13,160,True,Tablet
719,V0081,52,2024-12-27,86,True,Gaming Console
720,V0003,35,2024-09-11,43,False,Smart TV
721,V0103,6,2024-03-18,53,False,Gaming Console
722,V0056,28,2024-07-06,44,False,Tablet
723,V0189,32,2024-09-04,150,True,Smart TV
724,V0059,14,2024-09-12,130,True,Gaming Console
725,V0040,23,2024-03-21,25,False,Desktop
726,V0011,42,2024-11-18,57,False,Desktop
727,V0071,37,2025-06-07,144,True,Smart TV
728,V0057,26,2024-02-25,26,False,Gaming Console
729,V0109,52,2024-02-03,86,True,Gaming Console
730,V0101,23,2024-06-27,109,False,Desktop
731,V0179,8,2024-11-19,160,True,Mobile
732,V0173,1,2024-04-13,138,True,Smart TV
733,V0157,24,2024-09-26,33,False,Tablet
734,V0121,18,2025-01-09,53,False,Tablet
735,V0109,32,2025-01-16,150,True,Smart TV
736,V0072,26,2024-05-14,140,True,Gaming Console
737,V0059,44,2024-10-03,102,False,Tablet
738,V0111,36,2024-05-29,35,False,Tablet
739,V0207,31,2025-03-07,126,True,Desktop
740,V0218,9,2025-06-30,98,True,Smart TV
741,V0125,51,2024-02-18,140,True,Desktop
742,V0177,7,2024-08-08,148,True,Smart TV
743,V0215,31,2025-04-05,126,True,Smart TV
744,V0093,17,2024-09-20,115,True,Smart TV
745,V0106,2,2024-07-22,125,True,Gaming Console
746,V0167,37,2024-06-27,144,True,Smart TV
747,V0084,23,2025-04-02,72,False,Mobile
748,V0158,25,2024-05-28,118,True,Tablet
749,V0087,41,2025-02-18,96,True,Mobile
750,V0042,6,2024-11-17,112,True,Smart TV
751,V0075,42,2025-02-08,87,False,Smart TV
752,V0200,29,2025-06-17,56,False,Desktop
753,V0043,27,2024-01-24,100,True,Tablet
754,V0061,47,2024-08-03,20,False,Tablet
755,V0027,26,2025-04-29,140,True,Gaming Console
756,V0007,4,2024-03-26,77,False,Mobile
757,V0159,17,2025-02-03,115,True,Smart TV
758,V0064,15,2024-05-09,66,False,Tablet
759,V0215,34,2024-02-05,138,True,Smart TV
760,V0122,21,2024-10-05,115,True,Gaming Console
761,V0035,29,2024-06-30,99,False,Gaming Console
762,V0117,39,2025-03-21,116,True,Gaming Console
763,V0080,41,2024-08-20,71,False,Mobile
764,V0079,29,2024-09-23,132,True,Tablet
765,V0003,20,2024-05-19,135,True,Smart TV
766,V0121,19,2025-05-18,128,True,Desktop
767,V0003,20,2024-10-26,112,False,Gaming Console
768,V0204,15,2025-01-17,122,True,Tablet
769,V0144,27,2024-09-12,100,True,Tablet
770,V0189,46,2025-01-22,110,True,Tablet
771,V0021,17,2024-09-02,115,True,Gaming Console
772,V0205,49,2024-10-05,113,False,Smart TV
773,V0191,42,2024-10-02,134,True,Desktop
774,V0047,13,2024-04-23,95,True,Desktop
775,V0126,47,2024-01-20,106,True,Tablet
776,V0137,4,2024-04-14,118,True,Smart TV
777,V0033,18,2024-08-26,11,False,Mobile
778,V0088,19,2025-05-25,128,True,Smart TV
779,V0179,30,2024-03-23,52,False,Tablet
780,V0069,4,2025-04-26,19,False,Tablet
781,V0065,13,2024-05-04,11,False,Tablet
782,V0198,25,2024-02-04,41,False,Tablet
783,V0189,30,2024-08-01,76,False,Desktop
784,V0175,25,2024-06-11,51,False,Mobile
785,V0134,48,2025-05-07,94,True,Smart TV
786,V0171,4,2024-04-25,118,True,Tablet
787,V0043,1,2024-05-02,84,False,Desktop
788,V0063,51,2024-02-13,140,True,Gaming Console
789,V0177,51,2024-06-07,140,True,Smart TV
790,V0023,50,2025-05-26,104,True,Mobile
791,V0159,44,2024-03-02,118,True,Mobile
792,V0166,23,2024-04-19,120,True,Tablet
793,V0060,32,2024-12-21,150,True,Desktop
794,V0050,47,2025-01-21,106,True,Smart TV
795,V0035,47,2024-02-10,106,True,Desktop
796,V0113,46,2025-05-16,110,True,Tablet
797,V0048,37,2024-11-27,144,True,Desktop
798,V0213,18,2024-06-13,95,True,Mobile
799,V0040,34,2024-09-26,138,True,Gaming Console
800,V0117,24,2025-06-02,90,True,Desktop
801,V0048,47,2025-01-07,89,False,Gaming Console
802,V0083,16,2025-01-31,94,False,Tablet
803,V0175,34,2024-06-06,138,True,Gaming Console
804,V0083,19,2024-11-25,128,True,Mobile
805,V0134,7,2024-05-12,21,False,Tablet
806,V0052,3,2024-07-15,142,True,Mobile
807,V0147,3,2025-02-01,142,True,Desktop
808,V0160,34,2024-02-20,42,False,Smart TV
809,V0156,15,2024-08-01,11,False,Desktop
810,V0120,6,2025-01-04,17,False,Gaming Console
811,V0107,48,2024-09-29,17,False,Gaming Console
812,V0188,3,2024-11-07,142,True,Mobile
813,V0133,14,2024-08-24,130,True,Gaming Console
814,V0049,25,2024-09-11,118,True,Gaming Console
815,V0143,41,2024-04-18,63,False,Gaming Console
816,V0173,23,2025-03-13,120,True,Mobile
817,V0141,11,2024-12-11,92,True,Tablet
818,V0154,35,2024-12-26,96,True,Smart TV
819,V0084,36,2025-03-16,62,False,Smart TV
820,V0062,39,2024-08-07,116,True,Desktop
821,V0141,50,2025-01-03,42,False,Desktop
822,V0102,29,2024-02-05,132,True,Smart TV
823,V0005,39,2024-11-05,116,True,Mobile
824,V0057,20,2024-11-18,135,True,Mobile
825,V0211,50,2025-06-07,45,False,Gaming Console
826,V0147,37,2024-02-08,144,True,Desktop
827,V0040,23,2025-01-10,120,True,Gaming Console
828,V0060,16,2024-11-03,108,True,Mobile
829,V0103,37,2024-08-10,144,True,Mobile
830,V0084,47,2025-05-14,32,False,Gaming Console
831,V0153,7,2024-02-08,148,True,Gaming Console
832,V0021,25,2024-12-08,108,False,Smart TV
833,V0107,28,2024-08-20,25,False,Gaming Console
834,V0163,1,2024-02-25,58,False,Smart TV
835,V0011,34,2024-06-02,138,True,Smart TV
836,V0179,33,2024-02-21,88,True,Desktop
837,V0193,29,2025-05-31,132,True,Mobile
838,V0111,15,2025-02-07,122,True,Tablet
839,V0147,36,2025-02-12,80,False,Smart TV
840,V0103,6,2024-05-13,112,True,Tablet
841,V0144,31,2025-02-08,126,True,Gaming Console
842,V0189,13,2024-09-05,95,True,Mobile
843,V0199,18,2024-04-01,95,True,Mobile
844,V0106,43,2024-12-22,92,True,Tablet
845,V0089,21,2024-01-25,115,True,Smart TV
846,V0158,11,2024-05-29,66,False,Desktop
847,V0210,3,2025-01-17,142,True,Tablet
848,V0187,49,2024-02-25,24,False,Tablet
849,V0214,40,2024-12-17,11,False,Mobile
850,V0116,20,2024-12-05,135,True,Tablet
851,V0053,48,2024-09-21,94,True,Gaming Console
852,V0160,31,2024-01-19,28,False,Desktop
853,V0170,38,2024-09-18,128,True,Tablet
854,V0073,4,2024-10-04,118,True,Mobile
855,V0168,30,2025-02-01,18,False,Smart TV
856,V0219,43,2024-04-20,56,False,Mobile
857,V0167,19,2025-01-24,128,True,Gaming Console
858,V0026,46,2025-06-28,72,False,Mobile
859,V0144,35,2024-02-10,12,False,Tablet
860,V0079,34,2025-02-06,138,True,Tablet
861,V0089,2,2024-11-05,55,False,Tablet
862,V0071,33,2025-01-31,42,False,Mobile
863,V0072,36,2024-12-15,112,True,Desktop
864,V0036,43,2025-01-26,92,True,Gaming Console
865,V0157,44,2024-08-20,97,False,Desktop
866,V0147,16,2024-11-15,108,True,Gaming Console
867,V0115,22,2024-07-30,102,True,Tablet
868,V0139,38,2024-05-21,35,False,Smart TV
869,V0181,45,2025-03-16,27,False,Tablet
870,V0145,42,2024-03-10,50,False,Gaming Console
871,V0185,35,2024-11-21,96,True,Tablet
872,V0008,47,2025-02-25,62,False,Smart TV
873,V0191,29,2024-10-07,91,False,Tablet
874,V0049,50,2024-07-08,104,True,Mobile
875,V0157,49,2024-08-24,136,True,Gaming Console
876,V0060,15,2024-03-22,55,False,Desktop
877,V0155,9,2025-01-17,98,True,Tablet
878,V0126,25,2024-06-16,118,True,Tablet
879,V0009,15,2024-01-16,122,True,Smart TV
880,V0057,27,2024-07-28,35,False,Mobile
881,V0113,12,2024-11-28,72,False,Desktop
882,V0110,16,2024-02-12,108,True,Gaming Console
883,V0185,48,2025-06-21,94,True,Mobile
884,V0028,34,2024-02-13,138,True,Tablet
885,V0138,34,2024-02-10,138,True,Gaming Console
886,V0133,25,2024-07-13,16,False,Smart TV
887,V0102,29,2024-10-19,109,False,Desktop
888,V0014,47,2025-04-19,28,False,Desktop
889,V0185,6,2024-07-03,112,True,Gaming Console
890,V0140,45,2025-02-27,124,True,Smart TV
891,V0007,29,2024-07-25,132,True,Desktop
892,V0065,6,2024-06-16,112,True,Mobile
893,V0030,6,2025-01-06,91,False,Mobile
894,V0182,34,2025-06-07,138,True,Gaming Console
895,V0012,30,2024-12-09,126,False,Gaming Console
896,V0039,43,2024-05-28,92,True,Tablet
897,V0183,50,2024-11-11,104,True,Smart TV
898,V0197,47,2024-07-04,46,False,Mobile
899,V0001,9,2024-09-16,98,True,Mobile
900,V0128,30,2024-01-06,79,False,Gaming Console
901,V0061,32,2025-05-02,150,True,Desktop
902,V0114,27,2024-01-07,100,True,Tablet
903,V0072,36,2024-07-31,112,True,Mobile
904,V0090,50,2024-02-03,104,True,Gaming Console
905,V0077,39,2024-03-30,116,True,Mobile
906,V0107,7,2024-10-18,51,False,Gaming Console
907,V0178,43,2024-06-30,81,False,Desktop
908,V0010,48,2024-11-02,94,True,Smart TV
909,V0098,24,2024-03-07,64,False,Smart TV
910,V0035,31,2024-10-08,126,True,Smart TV
911,V0106,34,2024-08-02,138,True,Gaming Console
912,V0028,4,2025-06-25,118,True,Mobile
913,V0186,31,2024-10-21,110,False,Desktop
914,V0218,39,2025-06-22,116,True,Gaming Console
915,V0158,14,2025-06-16,130,True,Desktop
916,V0207,32,2024-08-26,150,True,Smart TV
917,V0120,2,2024-04-30,125,True,Tablet
918,V0158,52,2024-02-16,62,False,Smart TV
919,V0144,23,2024-01-12,37,False,Tablet
920,V0073,45,2024-03-10,124,True,Smart TV
921,V0130,20,2024-01-07,135,True,Mobile
922,V0086,44,2024-01-30,118,True,Tablet
923,V0173,27,2025-04-30,100,True,Mobile
924,V0035,42,2025-04-16,134,True,Gaming Console
925,V0119,22,2024-02-27,62,False,Gaming Console
926,V0145,20,2024-01-20,50,False,Tablet
927,V0176,37,2024-12-28,144,True,Mobile
928,V0087,2,2024-06-18,90,False,Gaming Console
929,V0100,39,2024-04-29,116,True,Smart TV
930,V0220,46,2024-02-02,110,True,Smart TV
931,V0023,27,2024-08-31,100,True,Smart TV
932,V0213,29,2025-06-21,37,False,Smart TV
933,V0200,3,2024-04-04,142,True,Desktop
934,V0007,33,2024-06-06,74,False,Tablet
935,V0124,22,2024-11-13,77,False,Smart TV
936,V0026,10,2024-05-15,76,False,Tablet
937,V0010,47,2025-06-18,106,True,Mobile
938,V0080,1,2024-03-30,97,False,Smart TV
939,V0012,30,2024-11-15,145,True,Mobile
940,V0195,37,2024-08-02,144,True,Smart TV
941,V0137,23,2025-03-27,120,True,Mobile
942,V0039,18,2024-04-27,95,True,Mobile
943,V0027,40,2024-12-24,108,True,Gaming Console
944,V0070,21,2024-10-17,115,True,Gaming Console
945,V0044,16,2024-12-12,108,True,Gaming Console
946,V0013,29,2025-04-27,132,True,Mobile
947,V0099,7,2025-03-12,148,True,Desktop
948,V0152,12,2025-04-01,100,True,Gaming Console
949,V0080,23,2024-07-21,120,True,Gaming Console
950,V0194,6,2024-05-14,82,False,Mobile
951,V0179,52,2025-04-11,86,True,Smart TV
952,V0165,44,2025-04-26,69,False,Tablet
953,V0037,15,2024-09-21,88,False,Smart TV
954,V0047,26,2024-12-04,95,False,Smart TV
955,V0125,30,2025-05-01,145,True,Mobile
956,V0123,23,2024-06-23,120,True,Smart TV
957,V0090,50,2024-05-10,104,True,Gaming Console
958,V0104,7,2024-11-29,37,False,Gaming Console
959,V0019,42,2025-04-17,78,False,Desktop
960,V0106,38,2024-09-06,128,True,Gaming Console
961,V0099,11,2024-08-01,92,True,Gaming Console
962,V0201,28,2024-12-16,82,False,Gaming Console
963,V0061,45,2024-03-20,124,True,Gaming Console
964,V0030,32,2025-04-19,150,True,Smart TV
965,V0025,36,2024-11-11,32,False,Desktop
966,V0154,5,2025-01-23,155,True,Smart TV
967,V0166,32,2024-08-10,33,False,Tablet
968,V0194,38,2024-01-01,128,True,Tablet
969,V0039,43,2024-10-25,92,True,Desktop
970,V0051,40,2024-11-20,108,True,Smart TV
971,V0204,37,2025-03-21,48,False,Smart TV
972,V0150,6,2025-06-06,112,True,Desktop
973,V0016,9,2024-02-24,98,True,Mobile
974,V0144,46,2024-04-22,55,False,Smart TV
975,V0061,2,2025-02-07,125,True,Smart TV
976,V0098,46,2025-03-21,110,True,Gaming Console
977,V0170,14,2024-05-22,130,True,Tablet
978,V0099,36,2025-03-03,56,False,Tablet
979,V0172,19,2024-01-12,128,True,Mobile
980,V0005,42,2025-05-13,134,True,Desktop
981,V0207,50,2025-04-11,104,True,Gaming Console
982,V0160,28,2025-06-05,110,True,Desktop
983,V0210,36,2024-12-29,112,True,Tablet
984,V0148,1,2024-08-30,138,True,Gaming Console
985,V0106,18,2025-01-10,83,False,Mobile
986,V0146,3,2025-01-12,142,True,Mobile
987,V0124,38,2024-05-25,20,False,Gaming Console
988,V0200,49,2025-06-13,136,True,Mobile
989,V0157,34,2025-04-28,138,True,Mobile
990,V0163,44,2024-11-15,118,True,Gaming Console
991,V0088,4,2024-01-12,118,True,Desktop
992,V0132,30,2024-12-05,83,False,Desktop
993,V0205,23,2024-06-20,120,True,Mobile
994,V0153,45,2024-09-23,103,False,Mobile
995,V0147,16,2024-10-25,108,True,Gaming Console
996,V0074,2,2024-05-09,125,True,Gaming Console
997,V0218,5,2024-05-15,74,False,Gaming Console
998,V0071,18,2024-04-24,11,False,Gaming Console
999,V0190,12,2025-04-02,100,True,Smart TV
1000,V0045,52,2024-08-29,86,True,Desktop
1001,V0009,12,2024-03-27,100,True,Tablet
1002,V0211,39,2025-05-22,116,True,Desktop
1003,V0099,50,2025-03-26,104,True,Tablet
1004,V0148,14,2024-02-25,54,False,Smart TV
1005,V0210,49,2024-06-20,136,True,Desktop
1006,V0122,26,2025-06-29,140,True,Tablet
1007,V0175,25,2024-09-25,70,False,Tablet
1008,V0112,34,2025-04-04,138,True,Desktop
1009,V0081,44,2024-02-12,97,False,Mobile
1010,V0164,35,2025-03-18,96,True,Gaming Console
1011,V0220,42,2024-10-03,134,True,Smart TV
1012,V0026,52,2025-02-04,86,True,Desktop
1013,V0173,50,2024-07-18,85,False,Gaming Console
1014,V0174,22,2024-11-16,33,False,Gaming Console
1015,V0173,1,2024-03-10,138,True,Mobile
1016,V0026,27,2025-04-01,100,True,Smart TV
1017,V0186,15,2024-07-16,122,True,Mobile
1018,V0159,2,2024-08-10,125,True,Gaming Console
1019,V0023,8,2025-01-19,43,False,Gaming Console
1020,V0048,52,2024-09-16,33,False,Smart TV
1021,V0170,30,2025-04-09,91,False,Smart TV
1022,V0110,50,2024-09-20,51,False,Tablet
1023,V0019,50,2024-03-04,104,True,Desktop
1024,V0086,25,2024-09-28,43,False,Tablet
1025,V0018,29,2024-07-24,132,True,Gaming Console
1026,V0046,26,2024-04-21,140,True,Tablet
1027,V0197,35,2024-04-18,96,True,Desktop
1028,V0067,46,2024-03-15,110,True,Mobile
1029,V0187,37,2025-04-01,144,True,Mobile
1030,V0039,32,2024-02-08,10,False,Desktop
1031,V0039,18,2024-01-04,60,False,Gaming Console
1032,V0198,46,2025-03-22,110,True,Desktop
1033,V0200,47,2024-08-19,18,False,Mobile
1034,V0177,25,2024-05-04,71,False,Gaming Console
1035,V0092,35,2024-11-06,96,True,Desktop
1036,V0162,4,2024-04-02,92,False,Smart TV
1037,V0219,35,2025-04-15,20,False,Smart TV
1038,V0052,42,2024-02-10,134,True,Desktop
1039,V0049,43,2025-02-03,92,True,Mobile
1040,V0125,41,2025-03-24,96,True,Tablet
1041,V0185,2,2025-05-15,40,False,Desktop
1042,V0203,5,2024-11-11,155,True,Desktop
1043,V0214,35,2024-02-07,12,False,Smart TV
1044,V0087,4,2025-02-19,15,False,Mobile
1045,V0207,14,2025-04-14,76,False,Gaming Console
1046,V0060,10,2024-05-24,14,False,Desktop
1047,V0005,42,2024-02-16,134,True,Tablet
1048,V0167,45,2024-06-25,124,True,Mobile
1049,V0211,20,2024-06-23,68,False,Gaming Console
1050,V0210,5,2025-05-24,39,False,Gaming Console
1051,V0158,52,2024-07-26,86,True,Desktop
1052,V0208,22,2024-11-28,61,False,Mobile
1053,V0148,44,2024-11-25,118,True,Tablet
1054,V0012,49,2024-12-09,136,True,Mobile
1055,V0071,8,2025-03-01,160,True,Tablet
1056,V0095,45,2025-03-25,124,True,Tablet
1057,V0011,38,2025-01-20,128,True,Tablet
1058,V0125,2,2024-01-08,125,True,Tablet
1059,V0181,6,2025-03-02,46,False,Desktop
1060,V0033,45,2024-10-04,124,True,Gaming Console
1061,V0106,29,2024-06-27,132,True,Gaming Console
1062,V0010,45,2025-05-26,124,True,Gaming Console
1063,V0161,6,2024-12-22,48,False,Desktop
1064,V0143,1,2024-04-30,138,True,Gaming Console
1065,V0159,7,2025-06-03,148,True,Tablet
1066,V0198,30,2024-08-01,145,True,Smart TV
1067,V0050,4,2024-06-01,118,True,Desktop
1068,V0046,32,2024-02-14,150,True,Mobile
1069,V0094,42,2025-03-21,134,True,Smart TV
1070,V0158,22,2024-02-14,68,False,Mobile
1071,V0046,42,2024-01-30,134,True,Desktop
1072,V0030,33,2024-08-28,88,True,Desktop
1073,V0149,38,2024-07-22,128,True,Smart TV
1074,V0200,15,2024-08-21,122,True,Mobile
1075,V0189,16,2024-07-23,108,True,Desktop
1076,V0019,15,2025-05-11,122,True,Mobile
1077,V0038,28,2025-04-10,110,True,Tablet
1078,V0096,25,2024-07-17,118,True,Smart TV
1079,V0052,18,2024-02-02,95,True,Gaming Console
1080,V0072,4,2025-04-21,118,True,Desktop
1081,V0044,27,2024-10-29,38,False,Gaming Console
1082,V0164,11,2024-08-23,31,False,Mobile
1083,V0220,27,2024-08-09,100,True,Gaming Console
1084,V0215,31,2024-01-15,126,True,Desktop
1085,V0064,48,2024-08-15,94,True,Gaming Console
1086,V0002,10,2024-02-15,105,True,Mobile
1087,V0188,31,2025-03-11,14,False,Gaming Console
1088,V0123,26,2024-04-10,99,False,Desktop
1089,V0062,32,2024-01-13,150,True,Desktop
1090,V0034,14,2024-09-01,130,True,Mobile
1091,V0123,2,2025-04-15,30,False,Gaming Console
1092,V0117,48,2024-05-21,94,True,Desktop
1093,V0095,12,2024-01-02,100,True,Mobile
1094,V0177,25,2024-02-03,118,True,Smart TV
1095,V0193,28,2024-07-31,110,True,Mobile
1096,V0189,40,2025-01-07,75,False,Mobile
1097,V0099,8,2024-02-11,160,True,Smart TV
1098,V0045,24,2024-03-09,90,True,Gaming Console
1099,V0199,46,2024-12-08,110,True,Tablet
1100,V0030,35,2024-08-02,96,True,Tablet
1101,V0091,21,2025-03-09,74,False,Smart TV
1102,V0017,4,2025-04-08,118,True,Desktop
1103,V0135,33,2025-06-28,70,False,Gaming Console
1104,V0116,19,2024-03-08,128,True,Tablet
1105,V0023,30,2024-07-02,145,True,Smart TV
1106,V0028,5,2024-04-24,155,True,Tablet
1107,V0039,32,2024-10-27,15,False,Desktop
1108,V0139,44,2024-12-21,70,False,Desktop
1109,V0189,29,2024-10-25,132,True,Tablet
1110,V0006,5,2025-06-16,69,False,Smart TV
1111,V0149,27,2024-11-30,100,True,Desktop
1112,V0171,38,2025-03-31,117,False,Desktop
1113,V0146,20,2024-11-09,135,True,Tablet
1114,V0067,51,2025-01-15,140,True,Smart TV
1115,V0217,50,2024-12-27,104,True,Smart TV
1116,V0043,30,2024-06-13,145,True,Gaming Console
1117,V0047,19,2024-06-06,117,False,Tablet
1118,V0030,16,2024-11-20,108,True,Gaming Console
1119,V0048,29,2024-02-05,132,True,Smart TV
1120,V0038,23,2024-06-15,120,True,Gaming Console
1121,V0032,20,2025-05-26,61,False,Tablet
1122,V0082,30,2025-06-03,145,True,Smart TV
1123,V0181,42,2024-10-23,134,True,Gaming Console
1124,V0038,43,2024-12-12,66,False,Mobile
1125,V0123,47,2024-04-29,27,False,Smart TV
1126,V0103,2,2024-08-13,125,True,Desktop
1127,V0024,23,2024-07-18,120,True,Gaming Console
1128,V0057,34,2024-10-11,108,False,Tablet
1129,V0022,2,2025-04-01,125,True,Mobile
1130,V0101,33,2024-11-21,88,True,Gaming Console
1131,V0131,39,2025-01-04,95,False,Desktop
1132,V0110,10,2025-01-16,105,True,Mobile
1133,V0089,19,2025-04-01,128,True,Gaming Console
1134,V0056,6,2025-03-01,66,False,Desktop
1135,V0042,19,2025-02-28,64,False,Tablet
1136,V0154,38,2024-07-31,128,True,Smart TV
1137,V0135,31,2025-01-19,18,False,Mobile
1138,V0105,1,2024-10-06,138,True,Desktop
1139,V0182,12,2024-05-20,100,True,Tablet
1140,V0075,12,2024-02-13,100,True,Smart TV
1141,V0078,38,2025-04-19,128,True,Tablet
1142,V0203,2,2024-09-25,125,True,Smart TV
1143,V0121,41,2024-10-21,96,True,Desktop
1144,V0063,50,2024-10-10,104,True,Desktop
1145,V0154,5,2025-03-22,133,False,Smart TV
1146,V0178,41,2025-06-08,57,False,Gaming Console
1147,V0217,2,2024-02-29,125,True,Tablet
1148,V0119,21,2024-12-31,27,False,Tablet
1149,V0070,4,2024-12-30,118,True,Mobile
1150,V0075,19,2024-03-19,128,True,Gaming Console
1151,V0047,13,2024-11-26,31,False,Smart TV
1152,V0205,44,2025-01-06,118,True,Mobile
1153,V0149,35,2024-05-27,96,True,Mobile
1154,V0096,9,2024-12-14,62,False,Tablet
1155,V0056,7,2024-08-14,148,True,Tablet
1156,V0144,51,2025-06-22,140,True,Gaming Console
1157,V0142,46,2025-03-03,24,False,Desktop
1158,V0030,5,2025-05-06,14,False,Smart TV
1159,V0177,20,2025-03-28,135,True,Gaming Console
1160,V0196,34,2024-11-07,32,False,Mobile
1161,V0057,48,2024-05-25,94,True,Tablet
1162,V0033,20,2024-03-21,135,True,Desktop
1163,V0196,45,2024-01-20,19,False,Desktop
1164,V0111,49,2024-04-20,136,True,Mobile
1165,V0169,51,2024-03-01,140,True,Desktop
1166,V0065,8,2024-11-04,160,True,Mobile
1167,V0025,49,2024-07-29,87,False,Gaming Console
1168,V0008,28,2024-10-11,110,True,Gaming Console
1169,V0091,23,2025-05-27,120,True,Gaming Console
1170,V0130,16,2024-04-11,108,True,Gaming Console
1171,V0004,49,2024-07-15,136,True,Smart TV
1172,V0138,11,2024-04-11,92,True,Tablet
1173,V0218,33,2024-07-08,56,False,Desktop
1174,V0028,44,2024-12-29,118,True,Desktop
1175,V0055,28,2025-02-21,110,True,Mobile
1176,V0081,49,2024-04-22,136,True,Gaming Console
1177,V0181,29,2024-02-11,132,True,Mobile
1178,V0127,21,2024-10-17,115,True,Desktop
1179,V0189,39,2025-03-30,116,True,Tablet
1180,V0105,36,2025-03-14,112,True,Tablet
1181,V0216,5,2024-07-02,104,False,Mobile
1182,V0126,44,2025-03-24,60,False,Gaming Console
1183,V0174,43,2024-05-26,92,True,Desktop
1184,V0178,26,2024-04-14,140,True,Tablet
1185,V0094,5,2024-07-24,96,False,Gaming Console
1186,V0032,26,2025-03-10,140,True,Desktop
1187,V0196,18,2024-10-06,84,False,Desktop
1188,V0122,23,2025-05-11,61,False,Gaming Console
1189,V0038,18,2024-05-05,23,False,Smart TV
1190,V0128,32,2024-05-17,150,True,Mobile
1191,V0189,7,2024-03-10,148,True,Desktop
1192,V0007,44,2024-11-30,58,False,Tablet
1193,V0160,20,2024-03-19,135,True,Gaming Console
1194,V0127,50,2024-10-27,35,False,Desktop
1195,V0130,32,2024-12-17,150,True,Gaming Console
1196,V0005,35,2025-03-16,14,False,Mobile
1197,V0116,25,2025-01-20,118,True,Desktop
1198,V0010,30,2024-11-06,145,True,Tablet
1199,V0111,32,2025-02-02,150,True,Desktop
1200,V0029,49,2025-05-17,136,True,Gaming Console
